{
    "data": [
        {
            "DateId": "20170518",
            "Date": "Thursday, May 18, 2017",
            "Cinemas": [
                {
                    "CinemaId": "0007",
                    "CinemaName": "Lakeline",
                    "CinemaTimeZoneATE": "America/Chicago",
                    "MarketName": "Austin, TX",
                    "CinemaSlug": "lakeline",
                    "MarketSlug": "austin",
                    "Films": [
                        {
                            "FilmId": "A000014384",
                            "FilmName": "ALIEN: COVENANT",
                            "FilmYear": "2013",
                            "FilmRating": "R",
                            "FilmRuntime": "137",
                            "FilmAgePolicy": "18 and up; Children 6 and up will be allowed only with an adult. No children under the age of 6 will be allowed.",
                            "FilmSlug": "alien-covenant",
                            "Series": [
                                {
                                    "SeriesId": "",
                                    "SeriesName": "",
                                    "Formats": [
                                        {
                                            "FormatId": "0000000001",
                                            "FormatName": "Digital",
                                            "Sessions": [
                                                {
                                                    "SessionId": "80205",
                                                    "SessionTime": "7:00p",
                                                    "SessionStatus": "onsale",
                                                    "SessionSalesURL": "",
                                                    "SessionDateTime": "2017-05-18T19:00:00",
                                                    "SessionType": "NewRelease",
                                                    "SeatsLeft": "2",
                                                    "SeatingLow": "1"
                                                },
                                                {
                                                    "SessionId": "81493",
                                                    "SessionTime": "7:25p",
                                                    "SessionStatus": "onsale",
                                                    "SessionSalesURL": "",
                                                    "SessionDateTime": "2017-05-18T19:25:00",
                                                    "SessionType": "NewRelease",
                                                    "SeatsLeft": "90",
                                                    "SeatingLow": "0"
                                                },
                                                {
                                                    "SessionId": "81312",
                                                    "SessionTime": "7:50p",
                                                    "SessionStatus": "onsale",
                                                    "SessionSalesURL": "",
                                                    "SessionDateTime": "2017-05-18T19:50:00",
                                                    "SessionType": "NewRelease",
                                                    "SeatsLeft": "112",
                                                    "SeatingLow": "0"
                                                },
                                                {
                                                    "SessionId": "80207",
                                                    "SessionTime": "10:05p",
                                                    "SessionStatus": "onsale",
                                                    "SessionSalesURL": "",
                                                    "SessionDateTime": "2017-05-18T22:05:00",
                                                    "SessionType": "NewRelease",
                                                    "SeatsLeft": "22",
                                                    "SeatingLow": "1"
                                                },
                                                {
                                                    "SessionId": "81494",
                                                    "SessionTime": "10:30p",
                                                    "SessionStatus": "onsale",
                                                    "SessionSalesURL": "",
                                                    "SessionDateTime": "2017-05-18T22:30:00",
                                                    "SessionType": "NewRelease",
                                                    "SeatsLeft": "125",
                                                    "SeatingLow": "0"
                                                },
                                                {
                                                    "SessionId": "81313",
                                                    "SessionTime": "10:55p",
                                                    "SessionStatus": "onsale",
                                                    "SessionSalesURL": "",
                                                    "SessionDateTime": "2017-05-18T22:55:00",
                                                    "SessionType": "NewRelease",
                                                    "SeatsLeft": "132",
                                                    "SeatingLow": "0"
                                                }
                                            ]
                                        }
                                    ]
                                }
                            ],
                            "ShowTimes": [
                                {
                                    "time": "7:25 PM",
                                    "seats": "90"
                                },
                                {
                                    "time": "7:50 PM",
                                    "seats": "112"
                                },
                                {
                                    "time": "10:05 PM",
                                    "seats": "22"
                                },
                                {
                                    "time": "10:30 PM",
                                    "seats": "125"
                                },
                                {
                                    "time": "10:55 PM",
                                    "seats": "132"
                                }
                            ]
                        }
                    ]
                }
            ],
            "FormattedDate": "Thursday May 18th"
        }
    ],
    "showtimeCount": 5
}